{
  "id": "",
  "name": "",
  "font_family": "iconfont",
  "css_prefix_text": "icon-",
  "description": "",
  "glyphs": [
    {
      "icon_id": "553321",
      "name": "手机",
      "font_class": "shouji",
      "unicode": "e621",
      "unicode_decimal": 58913
    },
    {
      "icon_id": "4866685",
      "name": "用户名",
      "font_class": "yonghuming",
      "unicode": "e60d",
      "unicode_decimal": 58893
    },
    {
      "icon_id": "7674872",
      "name": "用户",
      "font_class": "dingbudaohang-zhangh",
      "unicode": "e713",
      "unicode_decimal": 59155
    },
    {
      "icon_id": "7674899",
      "name": "账号",
      "font_class": "cedaohang-zhanghao",
      "unicode": "e711",
      "unicode_decimal": 59153
    },
    {
      "icon_id": "11518443",
      "name": "账号",
      "font_class": "zhanghao",
      "unicode": "e632",
      "unicode_decimal": 58930
    }
  ]
}
